{
  "intents": [
    {
      "tag": "greeting",
      "patterns": [
        "Hi",
        "Hey",
        "Hello",
        "Good day"
      ],
      "responses": [
        "Hello, thanks for visiting",
        "Hi there, what can I do for you?",
        "Hi there, how can I help?"
      ]
    },
    {
      "tag": "goodbye",
      "patterns": ["Bye", "See you later", "Goodbye"],
      "responses": [
        "Thanks for visiting",
        "Have a nice day",
        "Hope that your query has been resolved! Have a great day.",
        "Hope you had a nice experience with us! Have a great day."
      ]
    },
    {
      "tag": "thanks",
      "patterns": ["Thanks", "Thank you", "That's helpful", "Thank's a lot!"],
      "responses": ["Happy to help!", "Any time!"]
    },
    {
      "tag": "return policy",
      "patterns": [
        "What is the Return Policy?",
        "return policy",
        "can i see the return policy?"
      ],
      "responses": [
        "You may request returns for most items you buy from the sellers listed on xyz.in. However, you can only return items explicitly identified as returnable on the product detail page and/or our policy and within the return window period."
      ]
    },
    {
    "tag": "return condition",
      "patterns": [
        "return condition",
        "What are the conditions for returning a item?",
        "Which items can i return back?"
      ],
      "responses": [
        "Items are returnable if you've received them in a condition that is -<br/> &#9673Physically damaged<br/>&#9673Has missing parts or accessories<br/>&#9673Defective<br/>&#9673Different from its description on the product detail page<br/>&#9673You no longer want the item (return applicable only for eligible items)"
      ]
    },
    {
    "tag": "returning process",
      "patterns": [
        "returning process",
        "How can i return a product",
        "how to return a product"
      ],
      "responses": [
        "To initiate returns:- <br/> 1.Go to Your Orders.<br/>2.Choose an item that you want to return or replace.<br/>3.Select Contact seller. You will be directed to the Seller Messaging Assistant.<br/>4.Select the appropriate option and start the conversation."
      ]
    },
    {
      "tag": "return guidelines",
      "patterns": [
        "return guidelines",
        "what are the return guidelines?"

      ],
      "responses": [
        "Following are the return guidelines:<br/>1.Your address and the item that you wish to return must be eligible for return.<br/>2.If the return is not eligible for Pickup, a Self-Return option will be given.<br/>3.Once the return is received, you will, in accordance with Amazon.in Refund Policy, be issued a refund to your original payment method."
      ]
    },
    {
      "tag": "payments",
      "patterns": [
        "Payments",
        "Do you take credit cards?",
        "Do you accept Mastercard?",
        "Can I pay with Paypal?",
        "Are you cash only?"
      ],
      "responses": [
        "We accept VISA, Mastercard and Paypal",
        "We accept most major credit cards, and Paypal"
      ]
    },
    {
      "tag": "shipment",
      "patterns": [
        "Deli",
        "How long does shipping take?",
        "How long does shipping take?",
        "When do I get my shipment?"
      ],
      "responses": [
        "Delivery takes 2-4 days",
        "Shipping takes 2-4 days"
      ]
    },
      {
   "tag": "delivery",
   "patterns": [
    "delivery"
   ],
   "responses": [
    "Please Specify your Shipment delivery queries"
   ],
   "context": [
    ""
   ]
  },
    {
      "tag": "funny",
      "patterns": [
        "Tell me a joke!",
        "Tell me something funny!",
        "Do you know a joke?"
      ],
      "responses": [
        "Why did the hipster burn his mouth? He drank the coffee before it was cool.",
        "What did the buffalo say when his son left for college? Bison."
      ]
    },
    {
      "tag": "order_tracking",
      "patterns": [
      "What is happening with order 55555?",
      "What is the status for order 55555?",
      "Track order 55555",
      "Where is my order 55555?"
     ],
     "responses": [
      "Delayed",
      "Dispatched",
      "Cancelled",
      "On the Way!"
     ],
     "context": [
      ""
     ]
    },
  {
   "tag": "order_components",
   "patterns": [
    "order 55555 comprises of?",
    "What is in order 55555?",
    "List of components"
   ],
   "responses": [
    "The order comprises of a computer and a television",
    "The order includes dog treats and a dog bed"
   ],
   "context": [
    ""
   ]
  },
  {
   "tag": "missing_id",
   "patterns": [
    "Where is the order?",
    "Where is my order?",
    "Locate the order",
    "Delivery date of order"
   ],
   "responses": [
    "Please enter with order's ID",
    "Which order are you referring to?"
   ],
   "context": [
    ""
   ]
  },
  {
   "tag": "Location",
   "patterns": [
    "Please find the location for order 55555",
    "What is the location for order 55555?"
   ],
   "responses": [
    "It is in Germany",
    "It is in France",
    "It is in the United States",
    "It has reached China"
   ],
   "context": [
    ""
   ]
  },
  {
   "tag": "forgot_password",
   "patterns": [
    "I forgot my login password",
    "what to do when someone forgets their password?",
    "I forgot my work password",
    "Forgot the virtual machine password"
   ],
   "responses": [
    "Please enter your email id and we will send a link to your email shortly"
   ],
   "context": [
    ""
   ]
  },
  {
   "tag": "email_id",
   "patterns": [
    "abc@gmail.com",
    "abc@yahoo.com"
   ],
   "responses": [
    "The link has been sent. Please change your password!"
   ],
   "context": [
    ""
   ]
  },
  {
   "tag": "manufacturing_problems",
   "patterns": [
    "Please find me a manufacturer nearby"
   ],
   "responses": [
    "The nearest manufacturer is 20 miles away",
    "The nearest manufacturer is 50 miles away"
   ],
   "context": [
    ""
   ]
  },
  {
   "tag": "supplier_info",
   "patterns": [
    "What information is shared with supplier?"
   ],
   "responses": [
    "Production Schedule, Delivery Schedule"
   ],
   "context": [
    ""
   ]
  },
  {
   "tag": "call",
   "patterns": [
    "call",
     "phone number"
   ],
   "responses": [
    "Our CustomerCare Number:18001800"
   ],
   "context": [
    ""
   ]
  },
    {
   "tag": "mail",
   "patterns": [
    "mail"
   ],
   "responses": [
    "abcecommerce@gmail.com"
   ],
   "context": [
    ""
   ]
  },
    {
   "tag": "location",
   "patterns": [
    "location"
   ],
   "responses": [
    "Headquarters:No.227, Seattle               Nearest Head Office: Lightning Street, Newyork"
   ],
   "context": [
    ""
   ]
  },
    {
   "tag": "who",
   "patterns": [
    "who",
     "who are you?",
     "who are you",
     "what are you"

   ],
   "responses": [
    "I'm Chappie, a Chatbot at xyz.com"
   ],
   "context": [
    ""
   ]
  }
  ]
}
